title,first_name,last_name,preferred_pronoun,date_of_birth,occupation,account_balance,overdraft_limit
Mrs,Dido,Hanvey,they,7/24/1957,Engineering,70,51
Mrs,Maxie,Tremollet,she,3/13/1985,Sales,41,17
Rev,Hersh,Stallybrass,he,8/24/2006,Engineering,20,79
Mrs,Jarrett,Redemile,he,02/09/1993,Engineering,16,29
Mrs,Helsa,Ledson,she,10/21/1980,Training,85,31
Mrs,Raviv,Abramowsky,he,01/06/2021,Sales,26,17
Honorable,Standford,Farraway,they,2/14/1975,Support,95,36
Dr,Keelby,Iscowitz,he,5/13/1988,Training,13,53
Ms,Cindra,Loudon,she,12/14/2011,Legal,87,33
Honorable,Kelila,Walklate,she,4/14/2013,Human Resources,75,80
Ms,Farand,Culvey,she,2/27/2003,Marketing,56,64
Ms,Marya,Bovingdon,they,10/30/1960,Engineering,33,90
Ms,Stinky,Ballantyne,he,5/31/1971,Sales,92,82
Honorable,Trina,Edy,she,2/20/1983,Accounting,33,46
Mrs,Fee,Raphael,he,5/21/1972,Product Management,98,52
Mrs,Florenza,Wotton,she,9/14/1960,Marketing,28,55
Dr,Veronike,De Filippis,she,1/23/2019,Product Management,42,52
Mrs,Daisey,Stable,she,06/11/1991,Marketing,55,44
Mrs,Dorotea,Gilbank,they,12/29/2017,Research and Development,53,74
Mrs,Inga,Brunone,she,03/06/1989,Training,86,26
Dr,Shep,Lodford,he,12/22/1968,Engineering,45,45
Ms,Leupold,Coytes,he,10/23/2001,Research and Development,96,88
Mrs,Gareth,Ashurst,he,01/05/1986,Training,32,56
Honorable,Padgett,Boldra,he,08/05/1959,Research and Development,35,63
Mr,Skyler,Janota,he,4/21/1986,Human Resources,91,90
Dr,Alene,Stidever,she,8/15/2022,Sales,19,92
Ms,Skyler,Harrinson,they,2/23/1960,Research and Development,59,5
Mrs,Steffie,Cyseley,she,02/05/2000,Research and Development,61,45
Mr,Betsy,Stearley,she,9/23/1972,Marketing,20,49
Dr,Leelah,Blythin,she,3/20/2002,Business Development,24,90
Ms,Fairleigh,Grayshon,he,11/26/1960,Services,74,62
Dr,Beaufort,Tetlow,he,10/27/1988,Marketing,84,87
